[{"model": "api.colors", "pk": 1, "fields": {"name": "Bluey", "primary": "#8BC5EA", "secondary": "#EDCE74", "tertiary": "#424067", "light": "#FFFFFF", "dark": "#000000"}}, {"model": "api.colors", "pk": 2, "fields": {"name": "Bingo", "primary": "#F8B170", "secondary": "#FEFBDA", "tertiary": "#E57935", "light": "#FFFFFF", "dark": "#000000"}}, {"model": "api.colors", "pk": 3, "fields": {"name": "Autumn in New York", "primary": "#C79361", "secondary": "#768F79", "tertiary": "#46463E", "light": "#F0EDE4", "dark": "#19282F"}}, {"model": "api.colors", "pk": 4, "fields": {"name": "Parker Lewis", "primary": "#F9EC5D", "secondary": "#3CCDB6", "tertiary": "#F82FAB", "light": "#FFFFFF", "dark": "#000000"}}, {"model": "api.colors", "pk": 5, "fields": {"name": "That '70s Show", "primary": "#e6c15c", "secondary": "#A2B386", "tertiary": "#758c32", "light": "#DACFB6", "dark": "#211F1B"}}, {"model": "api.colors", "pk": 6, "fields": {"name": "The Creator", "primary": "#9FC5E8", "secondary": "#B6D7A8", "tertiary": "#8E7CC3", "light": "#FFFFFF", "dark": "#5C5C5C"}}, {"model": "api.colors", "pk": 7, "fields": {"name": "Dark Matter", "primary": "#79A1A1", "secondary": "#C6B29E", "tertiary": "#813D3B", "light": "#DEDEDE", "dark": "#1F3A40"}}, {"model": "api.colors", "pk": 8, "fields": {"name": "The Artist", "primary": "#D5D5D5", "secondary": "#828282", "tertiary": "#571E22", "light": "#DEDEDE", "dark": "#272A2B"}}, {"model": "api.colors", "pk": 9, "fields": {"name": "The A-Team", "primary": "#DBDBDB", "secondary": "#A7454E", "tertiary": "#303030", "light": "#FFFFFF", "dark": "#000000"}}, {"model": "api.colors", "pk": 10, "fields": {"name": "Big Fish", "primary": "#BDFF00", "secondary": "#EBAB0A", "tertiary": "#0C4B52", "light": "#F2F2F2", "dark": "#2C2C2C"}}, {"model": "api.colors", "pk": 11, "fields": {"name": "Fantasia", "primary": "#CB56CB", "secondary": "#56BECB", "tertiary": "#2B474F", "light": "#FFFFFF", "dark": "#000000"}}, {"model": "api.colors", "pk": 12, "fields": {"name": "Little Miss Sunshine", "primary": "#FFE700", "secondary": "#E7E7E7", "tertiary": "#B90000", "light": "#ECECEC", "dark": "#343434"}}, {"model": "api.colors", "pk": 13, "fields": {"name": "The Grand Budapest Hotel", "primary": "#C275D7", "secondary": "#DC5858", "tertiary": "#381616", "light": "#F2BBBB", "dark": "#000000"}}, {"model": "api.colors", "pk": 14, "fields": {"name": "Beetlejuice", "primary": "#DFD3D3", "secondary": "#8EF79E", "tertiary": "#450850", "light": "#E3E3E3", "dark": "#000000"}}, {"model": "api.colors", "pk": 15, "fields": {"name": "A Clockwork Orange", "primary": "#E49634", "secondary": "#D0CCC8", "tertiary": "#432D10", "light": "#FFFFFF", "dark": "#000000"}}, {"model": "api.colors", "pk": 16, "fields": {"name": "As Good as It Gets", "primary": "#3A9EDA", "secondary": "#DA953A", "tertiary": "#1D291C", "light": "#FFFFFF", "dark": "#000000"}}, {"model": "api.colors", "pk": 17, "fields": {"name": "Ocean's Eleven", "primary": "#EDEDED", "secondary": "#E17A7A", "tertiary": "#272727", "light": "#FFFFFF", "dark": "#000000"}}, {"model": "api.colors", "pk": 18, "fields": {"name": "Cowboy Bebop", "primary": "#EE6E6E", "secondary": "#6EEE94", "tertiary": "#3C8AAF", "light": "#FFFFFF", "dark": "#000000"}}, {"model": "api.colors", "pk": 19, "fields": {"name": "Ready Player One", "primary": "#00ACFC", "secondary": "#C678CD", "tertiary": "#2D2D2D", "light": "#FFFFFF", "dark": "#000000"}}, {"model": "api.colors", "pk": 20, "fields": {"name": "Total Recall", "primary": "#75A6C1", "secondary": "#B0B0B0", "tertiary": "#174B7D", "light": "#FFFFFF", "dark": "#000000"}}, {"model": "api.colors", "pk": 21, "fields": {"name": "The Hunt for Red October", "primary": "#FF8686", "secondary": "#ABABAB", "tertiary": "#950F0F", "light": "#FFFFFF", "dark": "#000000"}}, {"model": "api.font", "pk": 1, "fields": {"name": "Matemasie", "url": "https://fonts.googleapis.com/css2?family=Matemasie&display=swap"}}, {"model": "api.font", "pk": 2, "fields": {"name": "Nerko One", "url": "https://fonts.googleapis.com/css2?family=Matemasie&family=Nerko+One&display=swap"}}, {"model": "api.font", "pk": 3, "fields": {"name": "Montserrat", "url": "https://fonts.googleapis.com/css2?family=Matemasie&family=Montserrat:ital,wght@0,100..900;1,100..900&family=Nerko+One&display=swap"}}, {"model": "api.font", "pk": 4, "fields": {"name": "Ubuntu", "url": "https://fonts.googleapis.com/css2?family=Matemasie&family=Montserrat:ital,wght@0,100..900;1,100..900&family=Nerko+One&family=Ubuntu:ital,wght@0,300;0,400;0,500;0,700;1,300;1,400;1,500;1,700&display=sw"}}, {"model": "api.font", "pk": 5, "fields": {"name": "Righteous", "url": "https://fonts.googleapis.com/css2?family=Righteous&display=swap"}}, {"model": "api.font", "pk": 6, "fields": {"name": "Luckiest Guy", "url": "https://fonts.googleapis.com/css2?family=Luckiest+Guy&display=swap"}}, {"model": "api.font", "pk": 7, "fields": {"name": "Staatliches", "url": "https://fonts.googleapis.com/css2?family=Staatliches&display=swap"}}, {"model": "api.font", "pk": 8, "fields": {"name": "Reem Kufi", "url": "https://fonts.googleapis.com/css2?family=Reem+Kufi:wght@400..700&display=swap"}}, {"model": "api.font", "pk": 9, "fields": {"name": "Monoton", "url": "https://fonts.googleapis.com/css2?family=Monoton&display=swap"}}, {"model": "api.font", "pk": 10, "fields": {"name": "Black Ops One", "url": "https://fonts.googleapis.com/css2?family=Black+Ops+One&display=swap"}}, {"model": "api.font", "pk": 11, "fields": {"name": "Lora", "url": "https://fonts.googleapis.com/css2?family=Lora:ital,wght@0,400..700;1,400..700&display=swap"}}, {"model": "api.font", "pk": 12, "fields": {"name": "Dancing Script", "url": "https://fonts.googleapis.com/css2?family=Dancing+Script:wght@400..700&family=Lora:ital,wght@0,400..700;1,400..700&display=swap"}}, {"model": "api.font", "pk": 13, "fields": {"name": "Lobster", "url": "https://fonts.googleapis.com/css2?family=Dancing+Script:wght@400..700&family=Lobster&family=Lora:ital,wght@0,400..700;1,400..700&display=swap"}}, {"model": "api.font", "pk": 16, "fields": {"name": "Kaushan Script", "url": "https://fonts.googleapis.com/css2?family=Kaushan+Script&display=swap"}}, {"model": "api.font", "pk": 17, "fields": {"name": "Permanent Marker", "url": "https://fonts.googleapis.com/css2?family=Permanent+Marker&display=swap"}}, {"model": "api.font", "pk": 18, "fields": {"name": "Shadows Into Light", "url": "https://fonts.googleapis.com/css2?family=Shadows+Into+Light&display=swap"}}, {"model": "api.font", "pk": 19, "fields": {"name": "Dosis", "url": "https://fonts.googleapis.com/css2?family=Dosis:wght@200..800&display=swap"}}, {"model": "api.font", "pk": 20, "fields": {"name": "Cinzel", "url": "https://fonts.googleapis.com/css2?family=Cinzel:wght@400..900&display=swap"}}, {"model": "api.font", "pk": 21, "fields": {"name": "Fugaz One", "url": "https://fonts.googleapis.com/css2?family=Fugaz+One&display=swap"}}, {"model": "api.font", "pk": 22, "fields": {"name": "Special Elite", "url": "https://fonts.googleapis.com/css2?family=Special+Elite&display=swap"}}, {"model": "api.font", "pk": 24, "fields": {"name": "Share Tech Mono", "url": "https://fonts.googleapis.com/css2?family=Share+Tech+Mono&display=swap"}}, {"model": "api.font", "pk": 25, "fields": {"name": "Audiowide", "url": "https://fonts.googleapis.com/css2?family=Audiowide&display=swap"}}, {"model": "api.font", "pk": 26, "fields": {"name": "Tourney", "url": "https://fonts.googleapis.com/css2?family=Tourney:ital,wght@0,100..900;1,100..900&display=swap"}}, {"model": "api.template", "pk": 1, "fields": {"name": "Bluey", "font": 1, "body_font": 6, "colors": 1, "hero_image": null, "hero_background_image": null, "easter_egg": false, "text_light": false}}, {"model": "api.template", "pk": 2, "fields": {"name": "Bingo", "font": 9, "body_font": 3, "colors": 2, "hero_image": null, "hero_background_image": null, "easter_egg": false, "text_light": false}}, {"model": "api.template", "pk": 3, "fields": {"name": "Autumn in New York", "font": 4, "body_font": 3, "colors": 3, "hero_image": null, "hero_background_image": null, "easter_egg": false, "text_light": false}}, {"model": "api.template", "pk": 4, "fields": {"name": "Parker Lewis", "font": 5, "body_font": 3, "colors": 4, "hero_image": null, "hero_background_image": null, "easter_egg": false, "text_light": false}}, {"model": "api.template", "pk": 5, "fields": {"name": "That '70s Show", "font": 8, "body_font": 3, "colors": 5, "hero_image": null, "hero_background_image": null, "easter_egg": false, "text_light": false}}, {"model": "api.template", "pk": 6, "fields": {"name": "The Creator", "font": 7, "body_font": 3, "colors": 6, "hero_image": null, "hero_background_image": null, "easter_egg": false, "text_light": false}}, {"model": "api.template", "pk": 7, "fields": {"name": "Dark Matter", "font": 7, "body_font": 11, "colors": 7, "hero_image": null, "hero_background_image": null, "easter_egg": false, "text_light": false}}, {"model": "api.template", "pk": 8, "fields": {"name": "The Artist", "font": 16, "body_font": 4, "colors": 8, "hero_image": null, "hero_background_image": null, "easter_egg": false, "text_light": false}}, {"model": "api.template", "pk": 9, "fields": {"name": "The A-Team", "font": 10, "body_font": 4, "colors": 9, "hero_image": null, "hero_background_image": null, "easter_egg": false, "text_light": false}}, {"model": "api.template", "pk": 10, "fields": {"name": "Big Fish", "font": 17, "body_font": 18, "colors": 10, "hero_image": null, "hero_background_image": null, "easter_egg": false, "text_light": false}}, {"model": "api.template", "pk": 11, "fields": {"name": "Fantasia", "font": 19, "body_font": 4, "colors": 11, "hero_image": null, "hero_background_image": null, "easter_egg": false, "text_light": false}}, {"model": "api.template", "pk": 12, "fields": {"name": "Little Miss Sunshine", "font": 4, "body_font": 19, "colors": 12, "hero_image": null, "hero_background_image": null, "easter_egg": false, "text_light": false}}, {"model": "api.template", "pk": 13, "fields": {"name": "The Grand Budapest Hotel", "font": 20, "body_font": 3, "colors": 13, "hero_image": null, "hero_background_image": null, "easter_egg": false, "text_light": false}}, {"model": "api.template", "pk": 14, "fields": {"name": "Beetlejuice", "font": 20, "body_font": 18, "colors": 14, "hero_image": null, "hero_background_image": null, "easter_egg": false, "text_light": false}}, {"model": "api.template", "pk": 15, "fields": {"name": "A Clockwork Orange", "font": 21, "body_font": 19, "colors": 15, "hero_image": null, "hero_background_image": null, "easter_egg": false, "text_light": false}}, {"model": "api.template", "pk": 16, "fields": {"name": "As Good as It Gets", "font": 22, "body_font": 19, "colors": 16, "hero_image": null, "hero_background_image": null, "easter_egg": false, "text_light": false}}, {"model": "api.template", "pk": 17, "fields": {"name": "Ocean's Eleven", "font": 7, "body_font": 19, "colors": 17, "hero_image": null, "hero_background_image": null, "easter_egg": false, "text_light": false}}, {"model": "api.template", "pk": 18, "fields": {"name": "Cowboy Bebop", "font": 22, "body_font": 3, "colors": 18, "hero_image": null, "hero_background_image": null, "easter_egg": false, "text_light": false}}, {"model": "api.template", "pk": 19, "fields": {"name": "Ready Player One", "font": 26, "body_font": 24, "colors": 19, "hero_image": null, "hero_background_image": null, "easter_egg": false, "text_light": false}}, {"model": "api.template", "pk": 20, "fields": {"name": "Total Recall", "font": 25, "body_font": 24, "colors": 20, "hero_image": null, "hero_background_image": null, "easter_egg": false, "text_light": false}}, {"model": "api.template", "pk": 21, "fields": {"name": "The Hunt for Red October", "font": 22, "body_font": 19, "colors": 21, "hero_image": null, "hero_background_image": null, "easter_egg": false, "text_light": false}}]